business_type,zip,avg_age,blue_collar,white_collar,female,total_household_size ,total_household_income,latitude,longitude,employee_size,actual_credit_score,total_sales,Median,Pop,Encoded_store_location,Encoded_city,Encoded_state,Encoded_time_zone,Encoded_location_employee_code
1,45804,44.01,43.68,35.41,53.37,2.24,63860000,40.704283000000004,-84.147047,70,80,4070,30729.0,17243.0,7,72,22,1,4
4,95687,38.36,41.31,26.48,54.0,2.54,92764000,38.354859999999995,-121.95036,35,91,4323,65725.0,57286.0,0,122,3,3,3
4,45219,28.81,17.22,43.06,45.56,1.9,51027000,39.1361,-84.504288,13,97,2163,21276.0,17984.0,2,21,22,1,2
1,42141,42.89,38.49,44.0,52.41,2.24,47119000,37.010838,-85.903418,3,86,528,36904.0,30349.0,0,50,11,0,0
1,42101,38.82,60.82,26.24,54.18,1.93,47941000,36.964703,-86.43653499999999,3,78,528,34545.0,55648.0,1,10,11,0,0
1,43130,45.63,47.99,34.98,57.58,1.92,31183000,39.717362,-82.577969,3,93,499,46439.0,55082.0,0,68,22,1,0
1,77057,33.96,22.42,44.74,50.76,1.58,74121000,29.749384000000003,-95.483379,5,85,913,59505.0,39208.0,6,57,29,0,1
1,62707,41.98,51.17,33.53,49.04,2.57,62683000,39.839912,-89.560186,300,88,23943,58712.0,7648.0,6,115,8,0,6
1,57702,36.24,28.8,40.57,51.25,2.45,69174000,44.07905,-103.21564000000001,3,94,474,63338.0,32980.0,0,101,27,2,0
1,76119,36.09,64.73,28.76,52.1,2.83,32741000,32.712976,-97.262614,5,88,913,30484.0,42761.0,0,43,29,0,1
1,43130,47.46,27.82,41.9,53.27,2.26,81047000,39.723759,-82.582543,10,100,1189,46439.0,55082.0,0,68,22,1,2
1,78041,38.54,22.97,54.5,51.46,3.11,125861000,27.565351,-99.472443,40,96,3378,46860.0,44151.0,0,69,29,0,3
1,10032,36.39,43.84,36.12,48.0,2.95,39925000,40.84213,-73.94225899999999,3,93,544,29536.0,54744.0,2,88,21,1,0
1,29403,29.15,35.95,38.65,53.9,1.91,44045000,32.784290000000006,-79.950384,26,100,4961,28388.0,20818.0,0,19,26,1,3
1,15213,26.4,52.44,23.17,58.47,2.82,38365000,40.441947,-79.960521,11,76,1566,32228.0,28417.0,2,96,25,1,2
1,84120,28.59,67.24,25.41,48.94,3.9,44573000,40.698599,-111.987445,75,85,4730,56127.0,48956.0,0,127,30,2,4
1,29033,42.75,33.85,55.56,52.4,1.91,76751000,33.980841999999996,-81.065783,9,95,1717,39011.0,11603.0,0,16,26,1,1
1,71913,48.79,37.43,43.78,54.32,1.68,36784000,34.468179,-93.069273,3,80,493,38794.0,43436.0,5,56,1,0,0
1,39046,34.05,19.97,49.47,49.49,2.8,119028000,32.587514,-90.080998,11,93,1979,37944.0,22488.0,0,15,17,0,2
1,46805,48.09,70.34,29.67,61.73,1.89,28942000,41.09347,-85.107984,7,90,1231,36132.0,21306.0,5,42,9,1,1
1,15801,36.5,61.0,34.44,52.91,2.05,28961000,41.11804,-78.76167,10,91,594,42816.0,20592.0,7,36,25,1,2
1,15212,39.41,40.81,38.2,51.34,2.06,49317000,32.808409999999995,-96.836798,3,93,548,35831.0,32013.0,6,96,25,1,0
1,45219,31.47,44.86,34.58,50.66,2.35,34902000,39.120163,-84.50887900000001,12,78,2093,21276.0,17984.0,0,21,22,1,2
1,45459,40.95,34.29,46.5,53.49,2.04,63914000,39.652303,-84.114224,30,75,4052,65561.0,27791.0,0,30,22,1,3
1,50401,36.59,38.79,52.09,48.67,2.32,56365000,43.149707,-93.260029,49,90,3517,42830.0,29837.0,0,79,7,0,3
1,15301,38.45,17.08,55.89,50.69,2.77,114541000,40.188005,-80.21534399999999,35,91,3367,47711.0,49931.0,0,124,25,1,3
1,15301,39.5,71.94,16.84,52.6,2.14,47306000,40.183887,-80.248125,500,88,71219,47711.0,49931.0,1,124,25,1,7
1,97035,36.64,16.9,50.05,49.51,2.98,141521000,45.421319,-122.740398,20,98,3926,71692.0,23586.0,0,67,24,3,3
1,46845,35.05,20.72,51.14,50.0,3.03,81782000,41.18841,-85.099327,3,95,527,80482.0,22117.0,0,42,9,1,0
1,71913,48.88,31.62,53.73,52.44,2.19,53158000,34.4634,-93.074197,3,94,493,38794.0,43436.0,0,56,1,0,0
1,28303,40.73,28.27,45.13,55.75,2.16,74646000,35.011016,-78.963936,200,85,26397,48564.0,32257.0,0,39,18,1,5
1,84120,28.59,67.24,25.41,48.94,3.9,44573000,40.69916,-111.990325,3,81,541,56127.0,48956.0,0,105,30,2,0
1,37920,31.2,21.64,36.74,51.49,2.5,51977000,35.937271,-83.948577,10,100,1873,39910.0,39087.0,0,66,28,1,2
1,95380,32.45,65.97,24.34,49.92,4.08,32825000,37.492252,-120.85857800000001,93,85,7321,41023.0,40515.0,0,120,3,3,4
4,78501,32.91,28.28,24.05,51.7,2.29,50768000,26.224895,-98.20825400000001,11,94,2009,34050.0,61219.0,0,80,29,0,2
1,45459,28.43,39.75,27.38,52.12,1.8,41321000,39.64358,-84.13904000000001,200,93,11631,65561.0,27791.0,6,18,22,1,5
1,55901,47.5,38.51,45.07,62.21,1.82,45588000,44.064186,-92.493927,235,100,4640,62126.0,42027.0,5,103,15,0,5
1,73162,35.55,40.4,38.41,52.01,2.06,55962000,35.580553,-97.64786,14,96,811,72427.0,25521.0,6,90,23,0,2
1,39553,34.84,61.88,17.2,52.59,2.61,52257000,30.414548999999997,-88.651496,65,88,3961,43870.0,16124.0,0,47,17,0,4
1,18901,52.33,19.11,55.74,60.22,1.8,60042000,40.31974,-75.13396999999999,201,96,4800,86270.0,27639.0,0,34,25,1,5
1,30329,26.93,17.56,52.17,51.76,1.3,32375000,33.798466,-84.32584,1501,99,232757,45861.0,28539.0,6,5,6,1,8
1,16335,49.05,29.27,25.46,54.62,2.01,72934000,41.663548,-80.140866,390,88,10400,39229.0,28742.0,6,81,25,1,6
1,33908,77.34,0.0,100.0,63.55,1.47,72429000,26.518794,-81.997344,900,95,16960,54892.0,38251.0,0,40,5,1,7
1,16505,40.85,19.76,69.38,50.83,2.3,61185000,42.089073,-80.173728,4,95,501,51738.0,18297.0,6,38,25,1,0
1,37920,41.18,30.51,38.82,51.38,2.17,59289000,35.907021,-83.953506,10,100,1873,39910.0,39087.0,6,66,28,1,2
1,15301,39.5,71.94,16.84,52.6,2.14,47306000,40.179964,-80.24667099999999,25,94,1485,47711.0,49931.0,6,124,25,1,3
1,77706,43.25,19.03,47.0,51.49,2.52,130777000,30.095915,-94.17092099999999,40,98,7307,56992.0,28258.0,6,7,29,0,3
1,39204,36.67,41.27,45.53,54.7,3.01,64294000,32.283203,-90.253439,20,95,3598,27757.0,19917.0,6,60,17,0,3
1,50401,42.46,53.61,22.86,50.59,2.22,47432000,43.132670000000005,-93.218273,70,100,2368,42830.0,29837.0,6,79,7,0,4
1,72830,37.66,65.37,29.26,50.18,2.57,55669000,35.464349,-93.44608199999999,3,85,493,29754.0,14896.0,0,23,1,0,0
1,18017,62.34,31.17,44.72,61.98,1.33,29932000,40.642408,-75.408916,3,81,526,64939.0,35455.0,6,8,25,1,0
1,78041,36.21,22.97,59.52,51.06,2.65,99375000,27.564308,-99.500436,6,96,1096,46860.0,44151.0,6,69,29,0,1
1,77008,42.73,38.31,43.33,50.55,1.77,78718000,29.811504,-95.43036500000001,3,91,548,64545.0,30482.0,6,57,29,0,0
1,78229,31.54,26.47,42.81,52.77,1.57,40488000,29.511739000000002,-98.586036,3,94,548,32749.0,28804.0,0,106,29,0,0
1,89128,29.11,59.85,29.15,52.11,2.34,38053000,36.209855,-115.24698000000001,62,100,11573,62825.0,37054.0,6,70,20,3,4
1,45701,29.59,40.63,27.61,49.96,2.27,40115000,39.329449,-82.1175,50,85,2818,27327.0,31775.0,1,4,22,1,4
1,73104,37.51,35.09,30.83,50.47,1.87,40665000,35.482469,-97.497731,3,91,513,20591.0,1810.0,6,90,23,0,0
1,78229,31.54,26.47,42.81,52.77,1.57,40488000,29.51967,-98.575195,3,92,548,32749.0,28804.0,0,106,29,0,0
1,78229,36.7,16.51,45.24,49.39,1.79,51298000,29.506725,-98.57073100000001,90,86,5745,32749.0,28804.0,0,106,29,0,4
1,45219,40.17,70.39,37.6,51.66,1.89,18692000,39.132163,-84.499551,11,76,1486,21276.0,17984.0,6,21,22,1,2
1,43130,46.21,42.15,38.12,53.58,2.48,100289000,39.727573,-82.655435,240,88,6400,46439.0,55082.0,0,68,22,1,5
1,93405,31.97,36.26,39.91,37.1,2.46,58826000,35.321395,-120.696271,14,78,2560,28150.0,28994.0,0,107,3,3,2
1,98166,35.28,32.84,64.19,51.52,2.24,50965000,47.457414,-122.34320600000001,3,93,583,62107.0,20301.0,0,109,31,3,0
1,78229,45.98,22.41,45.44,46.41,1.56,45403000,29.50737,-98.577917,5001,88,321475,32749.0,28804.0,0,106,29,0,9
1,78501,38.8,63.64,34.55,55.12,3.14,29177000,26.207556,-98.214256,112,95,6929,34050.0,61219.0,6,80,29,0,5
1,34209,70.42,31.8,55.09,63.06,1.5,55164000,27.481855,-82.625374,15,89,1073,55013.0,31816.0,1,11,5,1,2
1,60477,40.77,41.36,32.77,53.9,2.4,85244000,41.579994,-87.816089,7,80,1026,70229.0,38161.0,6,117,8,0,1
1,60142,29.53,27.56,54.45,50.18,3.4,104249000,42.162620000000004,-88.395725,3,86,556,81402.0,26447.0,0,58,8,0,0
1,13205,61.28,30.31,41.5,55.39,1.21,23686000,43.002972,-76.126504,20,85,1859,29466.0,19967.0,0,116,21,1,3
4,41612,39.2,55.38,17.74,62.54,2.32,28668000,37.354092,-82.71569000000001,3,85,528,21789.0,78.0,0,128,11,1,0
1,21286,50.03,21.67,43.55,55.75,1.49,74502000,39.401226,-76.596436,300,99,4800,74787.0,18614.0,0,118,13,1,6
1,10701,46.7,28.55,51.59,54.79,2.47,123651000,40.96822,-73.88499,3,93,544,44417.0,61035.0,6,131,21,1,0
1,55112,37.61,19.34,34.17,50.17,2.45,123214000,45.059653000000004,-93.151238,100,99,16483,63706.0,44911.0,5,0,15,0,5
1,16335,39.71,42.45,34.03,51.95,2.26,52369000,41.62211,-80.20913,11,76,1566,39229.0,28742.0,6,81,25,1,2
1,46845,35.05,20.72,51.14,50.0,3.03,81782000,41.185654,-85.098784,3,81,527,80482.0,22117.0,0,42,9,1,0
1,30329,33.58,19.5,26.91,50.5,1.55,77880000,33.828041,-84.341078,6,86,841,45861.0,28539.0,0,5,6,1,1
1,78201,38.05,59.44,40.56,53.92,2.52,40728000,29.484816,-98.543544,12,81,1779,32231.0,45307.0,1,106,29,0,2
1,62959,40.55,40.67,37.13,49.22,2.31,58764000,37.72305,-88.924988,4,84,478,43335.0,26948.0,6,78,8,0,0
1,48152,43.04,36.75,39.78,50.77,2.53,47999000,42.439840000000004,-83.334535,70,78,4397,74356.0,32269.0,6,73,14,1,4
1,80920,36.04,32.63,53.41,51.63,2.16,62166000,38.954343,-104.787023,35,85,5272,90169.0,38569.0,6,26,4,2,3
1,16833,42.59,58.04,39.51,55.03,2.35,35426000,40.975901,-78.52542,8,81,1403,34084.0,5461.0,1,28,25,1,1
1,63303,38.02,31.01,44.57,50.94,2.4,83186000,38.756386,-90.546876,16,82,2148,67934.0,45834.0,6,104,16,0,2
1,26847,42.24,47.39,30.06,51.16,2.32,44764000,39.016813,-79.138253,361,100,47252,34097.0,6277.0,0,94,33,1,6
1,85258,50.92,16.16,46.55,60.24,1.45,65104000,33.581513,-111.883399,15,92,2420,75452.0,23342.0,0,108,2,2,2
1,20906,80.12,0.0,61.54,70.92,1.24,61627000,39.103133,-77.074106,190,94,12906,70894.0,60644.0,7,113,13,1,5
1,97213,38.74,35.85,46.58,51.11,2.03,55966000,45.527524,-122.613644,100,88,15939,59038.0,29007.0,1,98,24,3,5
1,35249,25.88,31.05,31.5,54.48,1.74,29786000,33.505894,-86.803099,400,100,57725,48140.826,31519.829,6,9,0,0,6
1,85258,50.92,16.16,46.55,60.24,1.45,65104000,33.572765999999994,-111.885337,6,85,414,75452.0,23342.0,1,108,2,2,1
1,96104,45.64,43.61,38.01,50.8,2.15,47173000,41.526790999999996,-120.17191499999998,80,88,14630,31417.0,748.0,0,17,3,3,4
1,34711,37.99,29.49,47.29,52.04,2.71,72256000,28.552738,-81.72035,8,86,1690,61923.0,51847.0,3,24,5,1,1
1,46805,48.09,70.34,29.67,61.73,1.89,28942000,41.090265,-85.095455,12,87,1043,36132.0,21306.0,1,42,9,1,2
1,15801,46.23,39.44,39.28,56.51,2.22,85350000,41.112867,-78.746251,200,86,5440,42816.0,20592.0,0,36,25,1,5
1,28801,33.98,47.33,18.42,54.33,2.25,41287000,35.582409999999996,-82.55244300000001,3,94,501,26264.0,12065.0,0,2,18,1,0
1,15301,45.19,33.02,43.72,53.47,2.12,63001000,40.181044,-80.26295999999999,18,91,1562,47711.0,49931.0,0,124,25,1,2
1,20904,40.41,53.55,18.35,49.86,3.43,139005000,39.05904,-76.997334,10,94,1746,79207.0,48710.0,6,113,13,1,2
1,78229,45.98,22.41,45.44,46.41,1.56,45403000,29.504795,-98.576704,3,94,548,32749.0,28804.0,2,106,29,0,0
4,71103,34.62,52.34,33.18,54.52,2.67,29574000,32.484906,-93.77943499999999,30,80,4217,18892.0,7813.0,0,112,12,0,3
1,95687,44.17,41.8,47.75,56.84,1.97,67959000,38.368614,-121.957334,3,78,675,65725.0,57286.0,6,122,3,3,0
1,16335,31.39,18.17,35.7,53.57,2.3,79501000,41.651377000000004,-80.146754,3,81,526,39229.0,28742.0,6,81,25,1,0
1,84020,35.06,31.48,58.21,51.77,3.52,86865000,40.520786,-111.865526,100,98,3200,72510.0,31388.0,0,35,30,2,5
4,45690,37.64,72.73,25.41,50.56,2.38,45998000,39.11786,-82.99786,50,98,8320,36802.0,14006.0,0,125,22,1,4
1,89128,34.06,46.79,46.32,48.82,3.37,69098000,36.159704999999995,-115.249675,250,100,46667,62825.0,37054.0,6,70,20,3,6
1,45449,44.67,24.87,51.78,50.7,2.28,60586000,39.633854,-84.206672,6,83,799,45214.0,18972.0,0,18,22,1,1
1,14424,43.99,21.94,50.98,51.83,2.25,87956000,42.90085,-77.27062,3,90,544,53453.0,24767.0,0,14,21,1,0
1,48858,34.54,42.56,25.51,56.21,1.86,30472000,43.591705,-84.754591,130,88,8166,34080.0,44346.0,6,86,14,1,5
1,14612,40.59,36.45,27.86,49.93,2.2,74317000,43.265606,-77.662235,185,98,26545,57827.0,34351.0,6,103,21,1,5
1,77057,27.5,65.04,24.97,45.48,2.34,33643000,29.714237,-95.454491,3,90,548,59505.0,39208.0,6,57,29,0,0
1,45750,45.55,38.06,40.43,51.37,2.24,53727000,39.416919,-81.46721,151,93,8781,40834.0,28654.0,0,77,22,1,5
4,71103,34.62,52.34,33.18,54.52,2.67,29574000,32.485752000000005,-93.776391,30,85,4217,18892.0,7813.0,0,112,12,0,3
4,78041,33.73,46.52,58.14,55.5,2.83,50020000,27.506652000000003,-99.488605,25,98,4566,46860.0,44151.0,0,69,29,0,3
1,71103,43.14,68.65,22.28,52.42,2.04,22662000,32.495444,-93.76842099999999,102,80,6172,18892.0,7813.0,0,112,12,0,5
1,45459,43.91,24.15,61.07,52.31,2.18,92378000,39.649807,-84.15661899999999,4,96,475,65561.0,27791.0,6,30,22,1,0
1,56001,52.75,58.16,27.38,59.27,1.69,56890000,44.170412,-93.961084,30,96,3908,43380.0,38955.0,0,76,15,0,3
4,78550,35.83,23.43,52.14,55.68,2.59,52917000,26.158701,-97.674358,20,100,3653,34739.0,53152.0,0,54,29,0,3
1,78501,41.46,69.72,24.3,54.52,2.49,25242000,26.209452,-98.219195,50,85,3191,34050.0,61219.0,0,80,29,0,4
4,71103,36.57,58.38,28.28,52.81,2.73,28109000,32.482131,-93.758078,30,90,4524,18892.0,7813.0,0,112,12,0,3
1,50401,42.0,59.38,33.82,51.49,1.93,49268000,43.147696999999994,-93.221626,4,82,415,42830.0,29837.0,1,79,7,0,0
1,18017,40.96,14.56,43.97,49.9,2.69,161784000,40.674279999999996,-75.364183,3,91,526,64939.0,35455.0,0,8,25,1,0
4,18017,45.38,20.09,47.72,50.72,2.56,101136000,40.65933,-75.416184,3,80,551,64939.0,35455.0,6,8,25,1,0
1,18017,62.34,31.17,44.72,61.98,1.33,29932000,40.644637,-75.407893,10000,78,1424392,64939.0,35455.0,0,8,25,1,10
1,42141,39.31,45.43,37.7,46.84,2.14,54113000,37.005769,-85.924649,3,78,528,36904.0,30349.0,5,50,11,0,0
1,57702,46.15,47.21,30.08,53.07,2.21,64589000,44.07516,-103.25194599999999,3,93,474,63338.0,32980.0,0,101,27,2,0
1,57702,37.34,42.41,34.52,50.06,1.99,45196000,44.080453999999996,-103.2617,6,86,519,63338.0,32980.0,0,101,27,2,1
1,42141,42.89,38.49,44.0,52.41,2.24,47119000,37.013484000000005,-85.905456,20,95,3525,36904.0,30349.0,0,50,11,0,3
1,42141,49.47,31.96,38.56,58.01,1.95,50159000,37.010166999999996,-85.897964,3,91,528,36904.0,30349.0,0,50,11,0,0
4,42141,49.47,31.96,38.56,58.01,1.95,50159000,37.010549,-85.902499,27,97,2046,36904.0,30349.0,0,50,11,0,3
1,84120,28.02,43.1,37.15,48.55,3.26,71757000,40.715001,-111.987715,500,100,72500,56127.0,48956.0,0,127,30,2,7
1,21286,40.36,10.47,46.33,52.25,2.68,142706000,39.384036,-76.60369,65,88,4555,74787.0,18614.0,6,118,13,1,4
1,71913,48.79,37.43,43.78,54.32,1.68,36784000,34.466105999999996,-93.067913,85,83,11358,38794.0,43436.0,6,56,1,0,4
1,16335,46.41,37.24,43.92,52.66,2.09,66527000,41.620985,-80.171449,47,85,3546,39229.0,28742.0,6,81,25,1,3
1,87937,32.57,66.01,24.5,48.89,3.26,43780000,32.666463,-107.15153500000001,50,100,7838,29207.0,3356.0,0,55,19,2,4
1,36607,37.57,43.48,37.08,53.51,2.15,64958000,30.69152,-88.087234,3,94,533,32412.0,6852.0,0,84,0,0,0
1,97035,38.14,20.3,54.52,51.63,2.35,84917000,45.401352,-122.74205400000001,12,88,1912,71692.0,23586.0,0,67,24,3,2
4,84020,37.03,30.36,48.33,54.5,2.5,71660000,40.537026000000004,-111.89145500000001,11,77,1611,72510.0,31388.0,0,35,30,2,2
1,45804,40.39,42.31,36.35,52.01,2.43,56145000,40.711175,-84.12001500000001,10,100,1664,30729.0,17243.0,0,72,22,1,2
1,98370,51.03,14.11,45.36,57.64,1.85,69458000,47.737557,-122.64253000000001,31,97,6034,69037.0,29528.0,0,99,31,3,3
1,37920,46.88,25.62,48.57,56.64,2.35,87775000,35.888003999999995,-83.943573,4,95,535,39910.0,39087.0,0,66,28,1,0
1,84120,28.02,43.1,37.15,48.55,3.26,71757000,40.713836,-112.00113600000002,20,85,2853,56127.0,48956.0,0,127,30,2,3
1,92843,40.04,37.09,46.68,50.09,3.09,65068000,33.775109,-117.913168,550,100,100582,56551.0,45214.0,6,45,3,3,7
1,98335,48.74,24.25,43.71,54.44,1.93,81717000,47.316806,-122.584731,6,86,1167,79594.0,24925.0,0,49,31,3,1
1,57702,42.25,43.08,39.53,52.73,2.45,63496000,44.069109999999995,-103.26517199999999,4,96,451,63338.0,32980.0,0,101,27,2,0
1,37920,46.88,25.62,48.57,56.64,2.35,87775000,35.887756,-83.938965,6,79,470,39910.0,39087.0,0,66,28,1,1
1,28801,37.75,46.81,23.0,57.8,2.55,31900000,35.57415,-82.55535400000001,15,100,2505,26264.0,12065.0,0,2,18,1,2
1,53066,35.55,29.79,42.47,48.16,2.96,127304000,43.073868,-88.46868,6,88,536,78691.0,33830.0,1,89,32,0,1
1,45219,40.17,70.39,37.6,51.66,1.89,18692000,39.13063,-84.49973,3,86,499,21276.0,17984.0,0,21,22,1,0
1,61054,39.47,43.32,28.99,51.6,2.29,53455000,42.043620000000004,-89.422517,6,83,1113,52373.0,3973.0,0,85,8,0,1
1,32806,36.98,59.5,46.07,42.0,1.75,52749000,28.5311,-81.380135,3,80,419,53833.0,24820.0,0,93,5,1,0
1,84020,37.78,0.0,0.0,12.84,0.0,110149000,40.49098,-111.89305,3,78,541,72510.0,31388.0,0,35,30,2,0
1,10032,31.42,34.67,38.21,54.58,2.21,64215000,40.841770000000004,-73.94424000000001,3,81,544,29536.0,54744.0,0,88,21,1,0
1,45459,28.43,39.75,27.38,52.12,1.8,41321000,39.648987,-84.133975,20,93,1431,65561.0,27791.0,0,30,22,1,3
1,73162,45.79,18.17,56.85,52.55,2.49,178569000,35.593427,-97.620993,10,87,1795,72427.0,25521.0,6,90,23,0,2
1,53066,46.94,32.91,47.3,52.03,2.31,117734000,43.120852,-88.521698,15,96,1189,78691.0,33830.0,1,89,32,0,2
1,78501,35.04,37.5,34.42,52.52,2.82,56236000,26.191116,-98.224808,3,91,548,34050.0,61219.0,6,80,29,0,0
1,30318,30.81,22.35,38.97,48.22,1.8,87800000,33.804299,-84.414243,7,86,1373,44861.0,49736.0,0,5,6,1,1
1,53066,46.94,32.91,47.3,52.03,2.31,117734000,43.07165,-88.472776,7,86,1200,78691.0,33830.0,1,89,32,0,1
1,48152,51.74,22.69,37.51,55.87,1.87,75426000,42.434914,-83.424454,100,100,14206,74356.0,32269.0,6,73,14,1,5
1,15232,42.66,13.43,23.47,51.93,1.66,73234000,40.44968,-79.93065899999999,130,100,7970,45928.0,11693.0,6,96,25,1,5
1,67801,36.79,60.78,16.47,49.42,2.81,100563000,37.777091999999996,-100.032934,22,98,1182,45544.0,30559.0,6,33,10,0,3
1,17019,38.61,35.94,46.48,50.23,2.76,92167000,40.124683000000005,-77.022049,32,96,1901,65853.0,15386.0,6,32,25,1,3
4,37756,41.67,59.74,27.71,50.41,2.21,32451000,36.41445,-84.475538,5,88,936,30519.0,2810.0,0,59,28,1,1
1,42101,44.08,42.43,25.14,54.19,1.85,30645000,36.996012,-86.429654,3,91,528,34545.0,55648.0,0,10,11,0,0
1,66160,34.47,51.93,33.04,50.67,2.67,50149000,39.055726,-94.611824,3,90,475,48140.826,31519.829,6,64,10,0,0
1,45750,47.81,43.39,32.23,56.79,1.98,62627000,39.45537,-81.437839,45,91,2536,40834.0,28654.0,0,77,22,1,3
1,37920,39.11,37.79,42.4,48.24,2.31,49408000,35.955952,-83.91555799999999,3,93,562,39910.0,39087.0,0,66,28,1,0
4,32207,34.41,56.52,30.7,47.89,2.71,51287000,30.280603999999997,-81.60440600000001,3,95,633,43304.0,33306.0,0,61,5,1,0
1,20904,65.36,23.2,35.85,61.74,1.64,60707000,39.056813,-76.95111800000001,1300,91,88306,79207.0,48710.0,0,113,13,1,8
1,55805,29.69,35.82,40.87,49.94,2.09,20950000,46.793805,-92.095729,25,84,3345,27505.0,10597.0,6,37,15,0,3
1,39204,28.96,55.69,29.68,56.34,2.54,28302000,32.286969,-90.25569499999999,850,100,38435,27757.0,19917.0,6,60,17,0,7
1,78550,35.83,23.43,52.14,55.68,2.59,52917000,26.166581,-97.681173,7,93,1278,34739.0,53152.0,6,54,29,0,1
1,55805,28.61,44.79,25.68,50.57,2.16,31710000,46.799979,-92.083715,4,96,471,27505.0,10597.0,6,37,15,0,0
1,78229,42.54,41.83,52.17,56.47,1.86,40045000,29.494013,-98.585557,13,88,804,32749.0,28804.0,0,106,29,0,2
1,53066,40.0,42.16,28.6,51.06,2.29,97956000,43.100128999999995,-88.486611,920,86,128139,78691.0,33830.0,6,89,8,0,7
1,48858,42.69,22.16,37.12,53.44,2.11,65364000,43.61377,-84.74698000000001,12,88,876,34080.0,44346.0,1,86,14,1,2
1,13205,61.28,30.31,41.5,55.39,1.21,23686000,43.009006,-76.133864,2400,96,201471,29466.0,19967.0,0,116,21,1,8
1,95610,45.12,27.01,65.76,53.86,2.16,59856000,38.667296,-121.27501200000002,250,100,19075,56303.0,44147.0,6,22,3,3,6
1,55901,66.97,45.98,0.0,59.41,1.27,65850000,44.02534,-92.466123,360,95,7682,62126.0,42027.0,6,103,15,0,6
1,13820,40.56,46.58,37.95,54.13,2.42,66230000,42.449999,-74.996156,17,91,1045,34282.0,17871.0,6,92,21,1,2
1,87031,39.24,34.4,36.67,52.0,2.54,60093000,34.808077000000004,-106.734105,5,70,619,42368.0,35751.0,1,75,19,2,1
1,15044,47.05,31.18,50.78,54.46,2.28,87403000,40.653882,-79.959162,18,76,2563,84957.0,22906.0,1,48,25,1,2
1,78501,39.14,22.96,47.96,52.36,2.65,107091000,26.185289,-98.208931,101,98,6249,34050.0,61219.0,0,80,29,0,5
1,62454,40.41,49.86,33.66,46.39,2.31,58180000,39.014571000000004,-87.747222,17,77,2561,36212.0,10588.0,6,102,8,0,2
1,43130,46.21,42.15,38.12,53.58,2.48,100289000,39.726469,-82.654601,70,78,4070,46439.0,55082.0,0,68,22,1,4
1,89128,29.11,59.85,29.15,52.11,2.34,38053000,36.210879999999996,-115.249397,3,85,708,62825.0,37054.0,6,70,20,3,0
1,98370,44.2,26.25,31.08,59.43,2.08,49690000,47.73876,-122.65961999999999,100,93,6593,69037.0,29528.0,6,99,31,3,5
1,45459,55.62,17.04,54.69,57.36,2.04,89083000,39.650872,-84.161322,15,79,1073,65561.0,27791.0,6,30,22,1,2
1,14424,41.67,37.84,36.5,51.18,2.3,71073000,42.876616,-77.285513,65,92,3997,53453.0,24767.0,0,14,21,1,4
1,71103,36.57,58.38,28.28,52.81,2.73,28109000,32.481154,-93.75765600000001,250,100,35144,18892.0,7813.0,0,112,12,0,6
1,78550,33.95,45.19,35.68,52.73,3.24,34371000,26.189913,-97.685524,29,99,5297,34739.0,53152.0,6,54,29,0,3
1,32806,39.49,18.82,53.95,53.6,2.1,177903000,28.525651,-81.376162,40,98,4635,53833.0,24820.0,0,93,5,1,3
1,45449,32.56,49.86,31.91,53.18,1.96,41681000,39.650209999999994,-84.241687,100,91,5636,45214.0,18972.0,0,30,22,1,5
1,60061,41.96,22.44,42.99,54.73,1.92,91994000,42.24277,-87.94630500000001,4,95,530,102484.0,25748.0,6,123,8,0,0
1,85006,36.76,37.48,30.23,48.49,2.04,65976000,33.465684,-112.06223100000001,20,91,3227,21620.0,25742.0,5,95,2,2,3
1,15213,31.52,51.41,28.83,46.01,1.7,37306000,40.454352,-79.94443000000001,6,78,1103,32228.0,28417.0,1,96,25,1,1
1,13205,30.06,64.84,34.66,51.24,3.54,17917000,43.032653,-76.14733199999999,150,85,9517,29466.0,19967.0,0,116,21,1,5
1,32550,43.76,13.75,79.81,53.13,2.21,108323000,30.37861,-86.306738,500,96,85770,63310.0,5867.0,6,31,5,0,7
1,13820,36.14,40.49,31.82,53.05,2.2,55463000,42.45288,-75.085454,90,86,5710,34282.0,17871.0,6,92,21,1,4
1,45459,53.14,19.94,51.81,55.94,2.18,92199000,39.637824,-84.185856,107,96,4800,65561.0,27791.0,0,30,22,1,5
1,16335,38.9,57.89,36.34,53.3,1.9,39351000,41.637064,-80.145483,35,97,2079,39229.0,28742.0,6,81,25,1,3
1,48883,37.08,52.8,29.6,50.08,2.79,69413000,43.523854,-84.814697,9,80,1278,47646.0,7041.0,6,111,14,1,1
1,57702,52.83,28.42,22.22,55.41,1.9,61688000,44.04861,-103.263548,26,89,1391,63338.0,32980.0,7,101,27,2,3
1,28801,44.55,28.58,39.5,56.4,1.86,68329000,35.57779,-82.548227,3,88,501,26264.0,12065.0,5,2,18,1,0
4,78501,30.16,31.63,51.31,50.84,3.02,40639000,26.2331,-98.240791,3,92,548,34050.0,61219.0,0,80,29,0,0
1,78229,31.54,26.47,42.81,52.77,1.57,40488000,29.513957,-98.59065799999999,25,100,4566,32749.0,28804.0,0,106,29,0,3
1,11235,39.78,47.75,37.93,57.2,2.04,65489000,40.581986,-73.96,20,85,2869,44730.0,79197.0,1,12,21,1,3
1,15213,23.97,38.41,34.6,54.73,2.3,27999000,40.440272,-79.957444,3,81,526,32228.0,28417.0,6,96,25,1,0
1,20904,41.52,40.05,29.62,51.06,3.09,126362000,39.046978,-76.992349,60,97,4075,79207.0,48710.0,0,113,13,1,4
1,75074,31.21,51.09,36.43,47.86,2.87,56509000,32.529115000000004,-92.6396,5,73,684,61992.0,44622.0,0,97,29,0,1
1,73104,26.55,43.24,32.95,60.77,1.59,51553000,35.46001,-97.518327,3,93,513,20591.0,1810.0,0,90,23,0,0
1,79567,39.84,66.2,27.87,50.17,2.44,45970000,31.959146,-99.959037,40,88,1280,39826.0,3373.0,0,129,29,0,3
1,71103,34.62,52.34,33.18,54.52,2.67,29574000,32.484235,-93.77734,3,94,519,18892.0,7813.0,0,112,12,0,0
1,45459,40.95,34.29,46.5,53.49,2.04,63914000,39.642406,-84.16245,17,87,958,65561.0,27791.0,5,30,22,1,2
1,11432,50.45,35.66,46.02,58.98,3.55,69479000,40.71447,-73.80188000000001,325,98,8416,50291.0,54915.0,0,62,21,1,6
1,71103,34.62,52.34,33.18,54.52,2.67,29574000,32.484165000000004,-93.778042,3,94,519,18892.0,7813.0,0,112,12,0,0
1,78229,45.98,22.41,45.44,46.41,1.56,45403000,29.503190000000004,-98.580798,3,85,548,32749.0,28804.0,0,106,29,0,0
4,77008,40.33,31.89,46.76,51.12,1.99,105558000,29.794202000000002,-95.44993199999999,7,91,1278,64545.0,30482.0,0,57,29,0,1
4,78501,39.61,22.2,68.05,53.15,2.99,69613000,26.23712,-98.205055,3,91,548,34050.0,61219.0,0,80,29,0,0
1,78550,47.16,45.1,33.23,56.05,2.14,46371000,26.172329,-97.66977800000001,95,88,3200,34739.0,53152.0,0,54,29,0,4
1,92064,48.58,16.39,47.92,54.36,2.38,96202000,32.997136,-117.05579099999999,800,88,146302,102994.0,47904.0,0,100,3,3,7
1,40502,43.81,10.07,50.19,51.58,1.69,92676000,38.03901,-84.489671,3,81,528,56941.0,25709.0,1,71,11,1,0
1,37756,39.76,66.2,21.86,51.46,2.51,33097000,36.337270000000004,-84.38602,4,83,749,30519.0,2810.0,6,59,28,1,0
1,84020,29.62,21.51,52.47,47.5,2.64,61892000,40.528763,-111.869173,3,95,541,72510.0,31388.0,6,35,30,2,0
1,45750,44.98,33.24,44.59,54.56,1.98,44185000,39.422740000000005,-81.451612,3,93,499,40834.0,28654.0,6,77,22,1,0
4,71103,31.86,69.87,67.44,54.76,2.77,20395000,32.47614,-93.780096,3,95,519,18892.0,7813.0,0,112,12,0,0
1,91786,33.72,17.34,68.05,53.2,2.68,61183000,34.103117,-117.670616,4,87,644,58388.0,51165.0,1,121,3,3,0
1,45459,37.47,35.99,43.78,51.07,2.16,54608000,39.625581,-84.159515,8,93,1331,65561.0,27791.0,6,18,22,1,1
1,33908,77.34,0.0,100.0,63.55,1.47,72429000,26.506597999999997,-81.989857,60,92,4294,54892.0,38251.0,1,40,5,1,4
1,43054,30.31,21.1,54.43,52.43,2.66,131217000,40.089343,-82.825486,5,70,657,115165.0,8122.0,6,87,22,1,1
4,18017,42.37,15.81,52.49,52.73,2.53,107371000,40.668737,-75.380163,8,81,1471,64939.0,35455.0,0,8,25,1,1
4,18017,62.34,31.17,44.72,61.98,1.33,29932000,40.646795000000004,-75.407489,3,94,526,64939.0,35455.0,0,8,25,1,0
4,18017,42.37,15.81,52.49,52.73,2.53,107371000,40.6642,-75.390813,12,81,713,64939.0,35455.0,6,8,25,1,2
4,18017,42.37,15.81,52.49,52.73,2.53,107371000,40.671867999999996,-75.38150999999999,20,97,1622,64939.0,35455.0,0,8,25,1,3
1,18017,62.34,31.17,44.72,61.98,1.33,29932000,40.644637,-75.407893,10,86,867,64939.0,35455.0,6,8,25,1,2
4,18017,42.37,15.81,52.49,52.73,2.53,107371000,40.669209,-75.383126,15,77,1301,64939.0,35455.0,6,8,25,1,2
4,42101,44.08,42.43,25.14,54.19,1.85,30645000,36.995459999999994,-86.431619,3,85,528,34545.0,55648.0,0,10,11,0,0
4,57702,35.97,45.9,39.39,52.92,2.39,47405000,44.086242,-103.273436,12,96,962,63338.0,32980.0,0,101,27,2,2
1,42101,32.95,49.14,32.48,50.41,2.48,42324000,36.986059999999995,-86.430859,16,97,2016,34545.0,55648.0,0,10,11,0,2
1,95687,38.36,41.31,26.48,54.0,2.54,92764000,38.355835,-121.95215300000001,500,86,91438,65725.0,57286.0,0,122,3,3,7
4,42101,32.95,49.14,32.48,50.41,2.48,42324000,36.957389,-86.485343,28,88,3900,34545.0,55648.0,6,10,11,0,3
1,42141,42.89,38.49,44.0,52.41,2.24,47119000,37.010838,-85.903418,3,78,528,36904.0,30349.0,0,50,11,0,0
1,42141,34.46,54.2,32.11,54.31,2.48,35042000,36.994665000000005,-85.93266,100,88,6159,36904.0,30349.0,0,50,11,0,5
4,42141,33.37,74.58,33.05,50.49,2.5,30723000,36.991137,-85.93177299999999,38,96,6698,36904.0,30349.0,0,50,11,0,3
1,42101,19.67,51.94,29.03,55.66,2.39,28669000,36.989026,-86.452669,3,91,528,34545.0,55648.0,2,10,11,0,0
1,95610,28.8,34.73,53.74,52.22,2.02,40425000,38.664658,-121.26231200000001,7,73,1246,56303.0,44147.0,0,22,3,3,1
1,78238,37.17,35.26,49.01,52.49,2.19,51805000,29.48031,-98.627453,27,94,1670,37848.0,23514.0,6,106,29,0,3
1,16125,55.58,63.6,21.32,57.48,2.03,50156000,41.426916999999996,-80.39234300000001,345,96,7680,41770.0,19041.0,6,52,25,1,6
1,48858,41.32,55.41,36.8,50.72,2.2,50803000,43.612628,-84.728258,8,96,1028,34080.0,44346.0,0,86,14,1,1
1,36607,37.57,43.48,37.08,53.51,2.15,64958000,30.691434,-88.085448,45,100,7999,32412.0,6852.0,0,84,0,0,3
1,28304,41.96,41.29,39.68,53.17,2.26,40862000,35.033158,-78.935705,11,81,1491,43354.0,35965.0,0,39,18,1,2
1,65101,34.35,47.17,22.76,51.24,2.11,39691000,38.556857,-92.192012,25,98,2329,54903.0,30587.0,0,63,16,0,3
1,93401,44.28,33.88,47.1,52.09,1.89,59918000,35.250723,-120.67053500000002,150,97,35425,54820.0,26250.0,0,107,3,3,5
1,15801,50.36,61.27,29.97,53.84,2.29,52814000,41.127996,-78.78464,300,88,22639,42816.0,20592.0,0,36,25,1,6
1,73149,33.61,62.5,27.78,49.68,2.72,30464000,35.394637,-97.49396,15,96,2085,34174.0,5502.0,0,90,23,0,2
1,75074,31.21,51.09,36.43,47.86,2.87,56509000,33.008194,-96.704035,15,94,2224,61992.0,44622.0,0,97,29,0,2
1,84020,37.78,0.0,0.0,12.84,0.0,110149000,40.490557,-111.901344,3,91,541,72510.0,31388.0,0,35,30,2,0
1,65101,38.15,23.09,42.72,49.78,2.56,73257000,38.553694,-92.150762,3,95,509,54903.0,30587.0,5,63,16,0,0
1,84120,28.59,67.24,25.41,48.94,3.9,44573000,40.69727,-111.99033999999999,3,91,541,56127.0,48956.0,3,127,30,2,0
1,84120,32.44,39.39,39.59,49.56,3.48,67422000,40.680907,-111.97921299999999,33,97,3266,56127.0,48956.0,0,127,30,2,3
1,33908,47.08,31.16,36.47,51.91,1.91,98158000,26.521821999999997,-81.877139,25,93,2896,54892.0,38251.0,0,40,5,1,3
1,76018,31.33,36.58,44.98,51.59,3.12,72563000,32.679184,-97.098826,35,96,6393,65776.0,26938.0,0,1,29,0,3
1,82834,41.69,40.53,35.19,50.1,2.27,76783000,44.349594,-106.705091,175,86,10087,45525.0,7585.0,0,13,34,2,5
1,78041,38.54,22.97,54.5,51.46,3.11,125861000,27.56835,-99.473569,3,94,548,46860.0,44151.0,0,69,29,0,0
1,39204,25.84,57.2,27.13,57.23,3.01,33509000,32.283939000000004,-90.227633,8,94,1439,27757.0,19917.0,0,60,17,0,1
1,65101,34.35,47.17,22.76,51.24,2.11,39691000,38.56133,-92.187946,75,100,12744,54903.0,30587.0,0,63,16,0,4
1,48858,23.45,42.33,40.51,55.37,2.46,16054000,43.580648,-84.767437,35,92,6595,34080.0,44346.0,0,86,14,1,3
1,78201,42.59,34.21,30.3,56.32,2.1,47047000,29.46732,-98.529158,125,86,9821,32231.0,45307.0,0,106,29,0,5
1,79567,47.01,42.51,28.13,47.21,2.24,55682000,31.97352,-100.069121,65,88,9639,39826.0,3373.0,0,129,29,0,4
1,90024,31.21,9.06,41.0,53.0,1.62,90491000,34.063449,-118.447355,3,93,675,52965.0,33588.0,6,74,3,3,0
1,62454,38.01,46.41,35.38,20.98,2.44,54637000,39.008121,-87.68470400000001,12,94,1261,36212.0,10588.0,0,102,8,0,2
1,73104,26.55,43.24,32.95,60.77,1.59,51553000,35.480270000000004,-97.499847,3,91,513,20591.0,1810.0,6,90,23,0,0
1,28269,36.04,18.38,57.92,51.06,2.74,83064000,35.36367,-80.786028,35,96,1979,63730.0,42216.0,6,20,18,1,3
1,47906,46.94,13.4,40.2,53.13,2.44,131522000,40.459471,-86.894325,75,88,10708,35806.0,58154.0,6,126,9,1,4
1,46408,35.32,50.63,31.65,53.66,3.05,39679000,41.5384,-87.33834499999999,15,81,1304,37581.0,17030.0,6,46,9,0,2
1,13326,52.42,37.28,48.61,61.14,1.93,51672000,42.695987,-74.923303,7,88,1031,30550.0,3371.0,6,27,21,1,1
1,48152,51.74,22.69,37.51,55.87,1.87,75426000,42.411072,-83.42857,30,83,1884,74356.0,32269.0,1,73,14,1,3
1,14612,53.58,23.6,25.8,53.49,1.92,56661000,43.262121,-77.61476800000001,330,88,20937,57827.0,34351.0,1,103,21,1,6
1,56001,42.42,45.67,36.1,53.83,2.16,36753000,44.186702000000004,-94.009782,110,91,8968,43380.0,38955.0,0,76,15,0,5
1,78229,36.7,16.51,45.24,49.39,1.79,51298000,29.499612,-98.57666,11,67,1631,32749.0,28804.0,6,106,29,0,2
1,67530,40.32,40.44,40.68,54.52,2.14,42215000,38.363757,-98.810796,20,93,1074,43849.0,19699.0,6,51,10,0,3
1,48423,37.99,39.34,32.51,53.44,2.42,56097000,43.025296999999995,-83.50931,15,96,913,49588.0,30615.0,6,29,14,1,2
1,42101,33.71,29.9,34.15,49.01,2.03,37141000,36.988626000000004,-86.438288,7,91,1233,34545.0,55648.0,0,10,11,0,1
1,91786,36.43,71.6,28.4,55.97,2.74,52906000,34.097390999999995,-117.65548999999999,40,95,1280,58388.0,51165.0,6,121,3,3,3
1,30082,44.19,10.68,58.2,56.38,2.35,101557000,33.8563,-84.515447,200,93,5120,64708.0,25905.0,6,114,6,1,5
1,15213,26.4,52.44,23.17,58.47,2.82,38365000,40.439991,-79.960566,3,93,526,32228.0,28417.0,0,96,25,1,0
1,33908,43.11,50.09,35.39,54.26,2.47,53829000,26.503969,-81.919048,200,83,14768,54892.0,38251.0,0,40,5,1,5
1,66160,34.47,51.93,33.04,50.67,2.67,50149000,39.055726,-94.611824,3,81,475,48140.826,31519.829,6,64,10,0,0
1,77489,35.58,33.27,33.86,54.89,2.87,60975000,29.583368,-95.52941700000001,20,95,3182,55641.0,35554.0,6,83,29,0,3
1,78229,45.98,22.41,45.44,46.41,1.56,45403000,29.510509999999996,-98.572582,3,81,548,32749.0,28804.0,6,106,29,0,0
1,45804,39.41,60.22,23.25,53.75,2.25,31434000,40.73557,-84.08763499999999,3,86,499,30729.0,17243.0,6,72,22,1,0
1,20904,41.67,26.8,67.32,51.53,3.14,139645000,39.076668,-76.969303,5,80,792,79207.0,48710.0,0,113,13,1,1
1,78501,39.91,67.29,39.54,52.26,2.21,16505000,26.198403,-98.230396,3,94,548,34050.0,61219.0,1,80,29,0,0
1,38111,48.56,32.87,42.8,56.84,1.82,86958000,35.13681,-89.94494300000001,200,95,6600,38821.0,41742.0,6,82,28,0,5
1,34209,70.42,31.8,55.09,63.06,1.5,55164000,27.482539000000003,-82.62621800000001,6,83,429,55013.0,31816.0,6,11,5,1,1
1,43130,47.46,27.82,41.9,53.27,2.26,81047000,39.74391,-82.58431,30,91,1690,46439.0,55082.0,7,68,22,1,3
1,77003,37.38,10.24,25.59,53.44,1.86,131760000,29.714235,-95.397145,3,91,548,37336.0,10508.0,1,57,29,0,0
1,21286,41.5,21.67,58.89,53.84,2.18,83426000,39.401084000000004,-76.593648,8,85,1604,74787.0,18614.0,6,118,13,1,1
1,32548,42.11,38.97,47.89,50.58,2.42,59392000,30.426406,-86.63538199999999,100,78,7384,49868.0,19343.0,7,41,5,0,5
1,34744,38.37,46.11,38.78,41.09,2.46,37827000,28.301325,-81.399811,12,98,1172,48361.0,44142.0,0,65,5,1,2
1,77008,42.73,38.31,43.33,50.55,1.77,78718000,29.811404,-95.43217,100,80,6383,64545.0,30482.0,0,57,29,0,5
1,85006,34.7,78.36,26.39,46.62,2.49,24886000,33.465674,-112.058792,3800,100,629829,21620.0,25742.0,0,95,2,2,8
1,98335,41.6,38.74,40.64,54.48,2.16,53611000,47.31067,-122.578953,3,78,583,79594.0,24925.0,0,49,31,3,0
1,45103,41.18,17.55,55.95,47.22,2.56,115601000,39.078119,-84.143497,22,95,3661,58644.0,26298.0,6,6,22,1,3
1,60477,34.91,23.1,49.95,51.15,3.04,105570000,41.553769,-87.797102,65,86,4215,70229.0,38161.0,6,117,8,0,4
1,62959,48.77,25.44,43.71,52.81,2.05,84350000,37.744839,-88.984047,600,97,90388,43335.0,26948.0,0,78,8,0,7
1,34677,33.64,29.18,47.96,52.64,2.83,75534000,28.042107,-82.670433,130,100,3200,66583.0,20842.0,6,91,5,1,5
1,46845,35.05,20.72,51.14,50.0,3.03,81782000,41.18094,-85.101941,4000,88,556016,80482.0,22117.0,0,42,9,1,8
1,34209,70.42,31.8,55.09,63.06,1.5,55164000,27.48337,-82.62476,750,95,24000,55013.0,31816.0,1,11,5,1,7
1,72396,38.0,49.23,44.8,50.17,2.64,52706000,35.221115000000005,-90.787349,154,88,20578,40811.0,13734.0,0,130,1,0,5
1,72396,38.0,49.23,44.8,50.17,2.64,52706000,35.216739000000004,-90.781299,100,90,5575,40811.0,13734.0,0,130,1,0,5
1,95687,42.61,0.0,0.0,0.2,0.0,85337000,38.327,-121.97049799999999,3,90,675,65725.0,57286.0,6,122,3,3,0
1,15232,36.82,11.39,41.04,54.26,1.51,75182000,40.454508000000004,-79.941468,14,75,1994,45928.0,11693.0,6,96,25,1,2
1,18901,40.39,22.66,43.65,51.78,2.24,118903000,40.305398,-75.146465,3,93,526,86270.0,27639.0,0,34,25,1,0
1,11432,38.67,34.45,48.78,51.32,3.21,90372000,40.717359,-73.80360999999999,2000,86,294789,50291.0,54915.0,0,62,21,1,8
1,65101,34.27,73.86,22.57,55.47,2.28,42610000,38.565523999999996,-92.182172,18,72,2483,54903.0,30587.0,0,63,16,0,2
1,45804,42.59,54.43,41.64,48.4,2.42,47932000,40.697354,-84.08818000000001,100,95,9125,30729.0,17243.0,0,72,22,1,5
1,34744,37.2,64.39,29.86,52.77,2.41,41687000,28.316463,-81.40574000000001,430,100,73762,48361.0,44142.0,0,65,5,1,6
1,85006,36.76,37.48,30.23,48.49,2.04,65976000,33.466309,-112.059099,65,100,7277,21620.0,25742.0,6,95,2,2,4
1,33908,47.08,31.16,36.47,51.91,1.91,98158000,26.524071999999997,-81.875888,3,94,633,54892.0,38251.0,3,40,5,1,0
1,28801,44.55,28.58,39.5,56.4,1.86,68329000,35.57711,-82.547751,3,93,501,26264.0,12065.0,0,3,18,1,0
1,45701,39.42,10.31,30.39,50.8,2.26,80285000,39.304279,-82.10051700000001,5,81,445,27327.0,31775.0,0,4,22,1,1
1,36607,34.0,62.95,26.37,60.89,2.37,24133000,30.697952,-88.13189,10,91,602,32412.0,6852.0,4,84,0,0,2
1,28304,35.37,36.54,42.93,53.04,2.5,55642000,35.13357,-78.999746,3,94,501,43354.0,35965.0,0,44,18,1,0
1,93405,23.46,38.37,36.3,42.96,2.57,23567000,35.29097,-120.665282,500,96,112633,28150.0,28994.0,0,107,3,3,7
1,66160,34.47,51.93,33.04,50.67,2.67,50149000,39.05572,-94.611824,3,91,475,48140.826,31519.829,6,64,10,0,0
1,48085,42.52,21.13,42.26,51.4,2.57,103653000,42.563931,-83.137371,8,86,1438,97908.0,24309.0,1,119,14,1,1
1,85006,34.7,78.36,26.39,46.62,2.49,24886000,33.46385,-112.065005,3,91,612,21620.0,25742.0,1,95,2,2,0
1,78041,33.09,34.84,52.92,52.32,3.31,45651000,27.533168,-99.47807399999999,1500,98,222451,46860.0,44151.0,6,69,29,0,8
1,45219,40.17,70.39,37.6,51.66,1.89,18692000,39.132055,-84.498875,75,97,12480,21276.0,17984.0,6,21,22,1,4
1,18017,62.34,31.17,44.72,61.98,1.33,29932000,40.644637,-75.407893,2000,95,350909,64939.0,35455.0,6,8,25,1,8
1,78201,38.05,59.44,40.56,53.92,2.52,40728000,29.486990000000002,-98.539586,3,94,548,32231.0,45307.0,6,106,29,0,0
1,15301,38.63,55.0,26.67,50.26,2.41,60348000,40.185479,-80.284713,63,88,3862,47711.0,49931.0,0,124,25,1,4
1,40502,32.67,61.25,21.65,48.6,2.0,40055000,38.022412,-84.473075,200,100,28619,56941.0,25709.0,6,71,11,1,5
1,71103,37.21,43.45,36.65,52.47,2.44,58294000,32.4829,-93.778922,30,85,2234,18892.0,7813.0,6,112,12,0,3
1,28304,43.22,23.19,36.46,60.33,1.89,44295000,35.04102,-78.922952,15,84,1979,43354.0,35965.0,5,39,18,1,2
1,28304,43.22,23.19,36.46,60.33,1.89,44295000,35.037871,-78.9177,5,83,659,43354.0,35965.0,5,39,18,1,1
1,29403,29.15,35.95,38.65,53.9,1.91,44045000,32.784689,-79.946263,30,83,4647,28388.0,20818.0,5,19,26,1,3
1,76119,32.13,78.64,19.74,31.61,3.35,24655000,32.672841999999996,-97.297862,20,93,3182,30484.0,42761.0,0,43,29,0,3
1,78229,31.54,26.47,42.81,52.77,1.57,40488000,29.510379999999998,-98.587715,5,70,721,32749.0,28804.0,1,106,29,0,1
1,78501,38.8,63.64,34.55,55.12,3.14,29177000,26.20465,-98.211489,25,99,4566,34050.0,61219.0,0,80,29,0,3
4,71103,34.62,52.34,33.18,54.52,2.67,29574000,32.48109,-93.778777,10,86,1731,18892.0,7813.0,0,112,12,0,2
4,78041,33.41,44.17,37.57,54.46,3.52,39038000,27.536406,-99.477067,3,86,548,46860.0,44151.0,0,69,29,0,0
1,44118,36.51,4.27,55.69,51.53,2.89,221859000,41.486554999999996,-81.525715,150,86,12346,58934.0,44836.0,2,110,22,1,5
4,44118,44.54,33.8,40.25,55.81,2.03,69127000,41.522135,-81.554804,10,91,563,58934.0,44836.0,0,25,22,1,2
4,44118,37.76,38.73,41.62,54.47,2.61,58615000,41.506339000000004,-81.556991,5,78,657,58934.0,44836.0,6,25,22,1,1
1,14075,52.54,49.13,37.72,58.04,2.08,54289000,42.760246,-78.832259,300,88,19034,65166.0,41797.0,6,53,21,1,6
